dataset,model,MRR,P@1,P@3,P@5,P@10
Enriched,e5-small-v2,0.3480555555555555,25.0,40.0,50.0,55.00000000000001
